Page link	Annotation	Download date
https://thehackernews.com/2019/06/adobe-patch-june.html	2	31-07-2020
https://thehackernews.com/2019/06/evernote-extension-hacking.html	2	31-07-2020
https://thehackernews.com/2019/06/firefox-0day-vulnerability.html	1	31-07-2020
https://thehackernews.com/2019/06/gandcrab-ransomware-decryption-tool.html	1	31-07-2020
https://thehackernews.com/2019/06/iptv-software-hacking.html	2	31-07-2020
https://thehackernews.com/2019/06/linux-vim-vulnerability.html	2	31-07-2020
https://thehackernews.com/2019/06/openssh-side-channel-vulnerability.html	1	31-07-2020
https://thehackernews.com/2019/06/outlook-app-android.html	2	31-07-2020
https://thehackernews.com/2019/06/tor-browser-firefox-hack.html	2	31-07-2020
https://thehackernews.com/2019/06/vlc-media-player-hacking.html	2	31-07-2020
https://thehackernews.com/2019/06/windows-rdp-brute-force.html	2	31-07-2020
https://thehackernews.com/2019/06/wordpress-live-chat-plugin.html	2	31-07-2020
https://thehackernews.com/2019/07/android-media-framework-hack.html	2	31-07-2020
https://thehackernews.com/2019/07/libreoffice-vulnerability.html	2	31-07-2020
https://thehackernews.com/2019/07/libreoffice-vulnerability.html	2	31-07-2020
https://thehackernews.com/2019/07/lodash-prototype-pollution.html	2	31-07-2020
https://thehackernews.com/2019/07/microsoft-security-updates.html	2	31-07-2020
https://thehackernews.com/2019/08/apple-ios-iphone-jailbreak.html	2	31-07-2020
https://thehackernews.com/2019/08/binance-kyc-data-leak.html	1	31-07-2020
https://thehackernews.com/2019/08/libreoffice-patch-update.html	2	31-07-2020
https://thehackernews.com/2019/09/adobe-security-updates.html	2	31-07-2020
https://thehackernews.com/2019/09/bootrom-jailbreak-ios-exploit.html	2	31-07-2020
https://thehackernews.com/2019/09/exim-email-server-vulnerability.html	2	31-07-2020
https://thehackernews.com/2019/09/facebook-hhvm-vulnerability.html	2	31-07-2020
https://thehackernews.com/2019/09/google-chrome-update.html	2	31-07-2020
https://thehackernews.com/2019/09/ios-13-keyboard-apps.html	2	31-07-2020
https://thehackernews.com/2019/09/php-programming-language.html	2	31-07-2020
https://thehackernews.com/2019/09/phpmyadmin-csrf-exploit.html	2	31-07-2020
https://thehackernews.com/2019/09/vbulletin-zero-day-exploit.html	2	31-07-2020
https://thehackernews.com/2019/10/iterm2-macos-terminal-rce.html	2	31-07-2020
https://thehackernews.com/2019/10/mssql-server-backdoor.html	2	31-07-2020
https://thehackernews.com/2019/10/vBulletin-hacking-exploit.html	2	31-07-2020
https://thehackernews.com/2019/12/goahead-web-server-hacking.html	2	31-07-2020
https://thehackernews.com/2020/01/adobe-software-updates.html	2	31-07-2020
https://thehackernews.com/2020/01/citrix-adc-gateway-exploit.html	2	31-07-2020
https://thehackernews.com/2020/01/firefox-cyberattack.html	2	31-07-2020
https://thehackernews.com/2020/01/hack-tiktok-account.html	2	31-07-2020
https://thehackernews.com/2020/01/openbsd-opensmtpd-hacking.html	2	31-07-2020
https://thehackernews.com/2020/01/wawa-credit-card-breach.html	1	31-07-2020
https://thehackernews.com/2020/02/adobe-software-updates.html	2	31-07-2020
https://thehackernews.com/2020/02/find-twitter-phone-number.html	1	31-07-2020
https://thehackernews.com/2020/02/firefox-dns-over-https.html	1	31-07-2020
https://thehackernews.com/2020/02/google-chrome-zero-day.html	2	31-07-2020
https://thehackernews.com/2020/02/hack-whatsapp-web.html	2	31-07-2020
https://thehackernews.com/2020/02/opensmtpd-email-vulnerability.html	2	31-07-2020
https://thehackernews.com/2020/02/sudo-linux-vulnerability.html	2	31-07-2020
https://thehackernews.com/2020/02/themegrill-wordpress-plugin.html	2	31-07-2020
https://thehackernews.com/2020/03/adobe-software-update.html	2	31-07-2020
https://thehackernews.com/2020/03/ddos-botnets-lilin-dvr.html	2	31-07-2020
https://thehackernews.com/2020/03/draytek-network-hacking.html	2	31-07-2020
https://thehackernews.com/2020/03/openwrt-rce-vulnerability.html	2	31-07-2020
https://thehackernews.com/2020/03/patch-wormable-smb-vulnerability.html	2	31-07-2020
https://thehackernews.com/2020/04/adobe-software-updates.html	2	31-07-2020
https://thehackernews.com/2020/04/chrome-cryptocurrency-extensions.html	2	31-07-2020
https://thehackernews.com/2020/04/usb-drive-botnet-malware.html	2	31-07-2020
https://thehackernews.com/2020/05/chinese-botnet-malware.html	2	31-07-2020
https://thehackernews.com/2020/07/adobe-security-patch-july.html	2	31-07-2020
https://thehackernews.com/2020/07/qnap-nas-malware-attack.html	2	31-07-2020
https://thehackernews.com/2020/07/sap-netweaver-vulnerability.html	2	31-07-2020
https://us-cert.cisa.gov/ncas/alerts/AA19-024A	2	26-05-2020
https://us-cert.cisa.gov/ncas/alerts/TA08-352A	2	26-05-2020
https://us-cert.cisa.gov/ncas/alerts/TA09-041A	2	26-05-2020
https://us-cert.cisa.gov/ncas/alerts/TA12-006A	2	26-05-2020
https://us-cert.cisa.gov/ncas/alerts/TA12-262A	2	26-05-2020
https://us-cert.cisa.gov/ncas/alerts/TA12-265A	2	26-05-2020
https://us-cert.cisa.gov/ncas/alerts/TA13-015A	2	26-05-2020
https://us-cert.cisa.gov/ncas/alerts/TA13-043A	2	26-05-2020
https://us-cert.cisa.gov/ncas/alerts/TA13-141A	2	26-05-2020
https://us-cert.cisa.gov/ncas/alerts/TA13-169A	2	26-05-2020
https://us-cert.cisa.gov/ncas/alerts/TA13-193A	2	26-05-2020
https://us-cert.cisa.gov/ncas/alerts/TA14-098A	2	26-05-2020
https://us-cert.cisa.gov/ncas/alerts/TA14-268A	2	26-05-2020
https://us-cert.cisa.gov/ncas/alerts/TA14-300A	2	26-05-2020
https://us-cert.cisa.gov/ncas/alerts/TA14-317A	2	26-05-2020
https://us-cert.cisa.gov/ncas/alerts/TA14-318A	2	26-05-2020
https://us-cert.cisa.gov/ncas/alerts/TA14-318B	2	26-05-2020
https://us-cert.cisa.gov/ncas/alerts/TA14-323A	2	26-05-2020
https://us-cert.cisa.gov/ncas/alerts/TA15-103A	2	26-05-2020
https://us-cert.cisa.gov/ncas/alerts/TA16-187A	2	26-05-2020
https://us-cert.cisa.gov/ncas/alerts/TA18-141A	2	26-05-2020
https://us-cert.cisa.gov/ncas/alerts/aa20-010a	2	26-05-2020
https://securelist.com/august-update-tuesday-onenotes-first-rce-ie-memory-corruption/65788/	2	24-08-2020
https://www.auscert.org.au/bulletins/ESB-2018.1206.3	2	25-05-2020
https://www.auscert.org.au/bulletins/ESB-2019.1329.2	2	25-05-2020
https://www.auscert.org.au/bulletins/ESB-2019.4180.2/	2	25-05-2020
https://www.auscert.org.au/bulletins/ESB-2019.4290.3/	2	25-05-2020
https://www.auscert.org.au/bulletins/ESB-2020.0712.3	2	25-05-2020
https://www.auscert.org.au/bulletins/ESB-2020.1077.2/	2	25-05-2020
https://www.auscert.org.au/bulletins/ESB-2020.1444.2	2	25-05-2020
https://www.auscert.org.au/bulletins/ESB-2020.1478	2	25-05-2020
https://www.auscert.org.au/bulletins/ESB-2020.1479/	2	25-05-2020
https://www.auscert.org.au/bulletins/ESB-2020.1481/	2	25-05-2020
https://www.auscert.org.au/bulletins/ESB-2020.1483/	2	25-05-2020
https://www.auscert.org.au/bulletins/ESB-2020.1486/	2	25-05-2020
https://www.auscert.org.au/bulletins/ESB-2020.1488/	2	25-05-2020
https://www.auscert.org.au/bulletins/ESB-2020.1489/ 	2	25-05-2020
https://www.auscert.org.au/bulletins/ESB-2020.1491/	2	25-05-2020
https://www.auscert.org.au/bulletins/ESB-2020.1492/	2	25-05-2020
https://www.auscert.org.au/bulletins/ESB-2020.1493/	2	25-05-2020
https://www.auscert.org.au/bulletins/ESB-2020.1497/	2	25-05-2020
https://www.auscert.org.au/bulletins/ESB-2020.1498/	2	25-05-2020
https://www.auscert.org.au/bulletins/ESB-2020.1499/	2	25-05-2020
https://www.auscert.org.au/bulletins/ESB-2020.1500	2	25-05-2020
https://www.auscert.org.au/bulletins/ESB-2020.1501	2	25-05-2020
https://www.auscert.org.au/bulletins/ESB-2020.1502/	2	25-05-2020
https://www.auscert.org.au/bulletins/ESB-2020.1504	2	25-05-2020
https://www.auscert.org.au/bulletins/ESB-2020.1505/	2	25-05-2020
https://www.auscert.org.au/bulletins/ESB-2020.1508	2	25-05-2020
https://www.auscert.org.au/bulletins/ESB-2020.1509/	2	25-05-2020
https://www.auscert.org.au/bulletins/ESB-2020.1511	2	25-05-2020
https://www.auscert.org.au/bulletins/ESB-2020.1518/	2	25-05-2020
https://www.auscert.org.au/bulletins/ESB-2020.1520	2	25-05-2020
https://www.auscert.org.au/bulletins/ESB-2020.1522	2	25-05-2020
https://www.auscert.org.au/bulletins/ESB-2020.1523/	2	25-05-2020
https://www.auscert.org.au/bulletins/ESB-2020.1525	2	25-05-2020
https://www.auscert.org.au/bulletins/ESB-2020.1526/	2	25-05-2020
https://www.auscert.org.au/bulletins/ESB-2020.1528/	2	25-05-2020
https://www.auscert.org.au/bulletins/ESB-2020.1529/	2	25-05-2020
https://www.auscert.org.au/bulletins/ESB-2020.1530	2	25-05-2020
https://www.auscert.org.au/bulletins/ESB-2020.1533.2	2	25-05-2020
https://www.auscert.org.au/bulletins/ESB-2020.1534/	2	25-05-2020
https://www.auscert.org.au/bulletins/ESB-2020.1535/	2	25-05-2020
https://www.auscert.org.au/bulletins/ESB-2020.1537	2	25-05-2020
https://www.auscert.org.au/bulletins/ESB-2020.1539/	2	25-05-2020
https://www.auscert.org.au/bulletins/ESB-2020.1545/	2	25-05-2020
https://www.auscert.org.au/bulletins/ESB-2020.1550/	2	25-05-2020
https://www.auscert.org.au/bulletins/ESB-2020.1551.3/	2	25-05-2020
https://www.auscert.org.au/bulletins/ESB-2020.1552/	2	25-05-2020
https://www.auscert.org.au/bulletins/ESB-2020.1554/	2	25-05-2020
https://www.auscert.org.au/bulletins/ESB-2020.1555/	2	25-05-2020
https://www.auscert.org.au/bulletins/ESB-2020.1560/	2	25-05-2020
https://www.auscert.org.au/bulletins/ESB-2020.1561.3/	2	25-05-2020
https://www.auscert.org.au/bulletins/ESB-2020.1562.2/	2	25-05-2020
https://www.auscert.org.au/bulletins/ESB-2020.1563.2/	2	25-05-2020
https://www.auscert.org.au/bulletins/ESB-2020.1564/	2	25-05-2020
https://www.auscert.org.au/bulletins/ESB-2020.1582	2	25-05-2020
https://www.auscert.org.au/bulletins/ESB-2020.1585	2	25-05-2020
https://www.auscert.org.au/bulletins/ESB-2020.1591/	2	25-05-2020
https://www.auscert.org.au/bulletins/ESB-2020.1597/	2	25-05-2020
https://www.auscert.org.au/bulletins/ESB-2020.1599	2	25-05-2020
https://www.auscert.org.au/bulletins/ESB-2020.1604	2	25-05-2020
https://www.auscert.org.au/bulletins/ESB-2020.1605/	2	25-05-2020
https://www.auscert.org.au/bulletins/ESB-2020.1614.3	2	25-05-2020
https://www.auscert.org.au/bulletins/ESB-2020.1615.3	2	25-05-2020
https://www.auscert.org.au/bulletins/ESB-2020.1618/	2	25-05-2020
https://www.auscert.org.au/bulletins/ESB-2020.1620.2	2	25-05-2020
https://www.auscert.org.au/bulletins/ESB-2020.1622/	2	25-05-2020
https://www.auscert.org.au/bulletins/ESB-2020.1623/	2	25-05-2020
https://www.auscert.org.au/bulletins/ESB-2020.1624	2	25-05-2020
https://www.auscert.org.au/bulletins/ESB-2020.1626.2/	2	25-05-2020
https://www.auscert.org.au/bulletins/ESB-2020.1628/	2	25-05-2020
https://www.auscert.org.au/bulletins/ESB-2020.1643/	2	25-05-2020
https://www.auscert.org.au/bulletins/ESB-2020.1644/	2	25-05-2020
https://www.auscert.org.au/bulletins/ESB-2020.1646	2	25-05-2020
https://www.auscert.org.au/bulletins/ESB-2020.1647	2	25-05-2020
https://www.auscert.org.au/bulletins/ESB-2020.1649/	2	25-05-2020
https://www.auscert.org.au/bulletins/ESB-2020.1653/	2	25-05-2020
https://www.auscert.org.au/bulletins/ESB-2020.1657/	2	25-05-2020
https://www.auscert.org.au/bulletins/ESB-2020.1662	2	25-05-2020
https://www.auscert.org.au/bulletins/ESB-2020.1665/	2	25-05-2020
https://www.auscert.org.au/bulletins/ESB-2020.1666/	2	25-05-2020
https://www.auscert.org.au/bulletins/ESB-2020.1668/	2	25-05-2020
https://www.auscert.org.au/bulletins/ESB-2020.1669/	2	25-05-2020
https://www.auscert.org.au/bulletins/ESB-2020.1670/	2	25-05-2020
https://www.auscert.org.au/bulletins/ESB-2020.1671/	2	25-05-2020
https://www.auscert.org.au/bulletins/ESB-2020.1678/	2	25-05-2020
https://www.auscert.org.au/bulletins/ESB-2020.1679/	2	25-05-2020
https://www.auscert.org.au/bulletins/ESB-2020.1693/	2	25-05-2020
https://www.auscert.org.au/bulletins/ESB-2020.1698	2	25-05-2020
https://www.auscert.org.au/bulletins/ESB-2020.1734.2	2	25-05-2020
https://www.auscert.org.au/bulletins/ESB-2020.1745.2	2	25-05-2020
https://www.auscert.org.au/bulletins/ESB-2020.1746	2	25-05-2020
https://www.auscert.org.au/bulletins/ESB-2020.1748/	2	25-05-2020
https://www.auscert.org.au/bulletins/ESB-2020.1752/	2	25-05-2020
https://www.auscert.org.au/bulletins/ESB-2020.1764/	2	25-05-2020
https://www.auscert.org.au/bulletins/ESB-2020.1796	2	25-05-2020
https://www.auscert.org.au/bulletins/ESB-2020.1804	2	25-05-2020
https://www.auscert.org.au/bulletins/ESB-2020.1814	2	25-05-2020
https://www.auscert.org.au/bulletins/ESB-2020.1825/	2	25-05-2020
https://www.auscert.org.au/bulletins/ESB-2020.1830/	2	25-05-2020
https://www.auscert.org.au/bulletins/ESB-2020.1842/	2	25-05-2020
https://www.auscert.org.au/bulletins/ESB-2020.1844/	2	25-05-2020
https://www.cbronline.com/news/action-fraud	1	
https://www.cbronline.com/news/computer-misuse-act-30	1	29-07-2020
https://www.cbronline.com/news/consumer-iot-devices-corporate-network	1	29-07-2020
https://www.cbronline.com/news/corellium-ceo-apple	1	29-07-2020
https://www.cbronline.com/news/eu-disinfo-lab-in-ddos-attack	1	29-07-2020
https://www.cbronline.com/news/microsoft-project-freta-cloud-rootkit	1	29-07-2020
https://www.cbronline.com/news/premier-league-hackers	1	29-07-2020
https://www.cbronline.com/news/quantum-key-distribution-test	1	29-07-2020
https://www.cbronline.com/news/ransomware-election-warning-blue-leaks	1	29-07-2020
https://www.cbronline.com/news/symantec-report	1	29-07-2020
https://www.cbronline.com/opinion/kaspersky-edr	1	29-07-2020
https://www.cbronline.com/opinion/preparing-for-software-audits	0	29-07-2020
https://www.cbronline.com/opinion/safer-streets	1	29-07-2020
https://www.cbronline.com/opinion/securing-devops-environments	1	29-07-2020
https://www.cbronline.com/emerging-technology/guide-to-serverless-computing-gartner/	0	29-07-2020
https://www.cbronline.com/emerging-technology/huawei-ai-smart-city/	0	29-07-2020
https://www.cbronline.com/emerging-technology/quantum-entanglement-demonstrated-in-space-on-shoebox-sized-satellite/	0	29-07-2020
https://www.cbronline.com/emerging-technology/robot-skin-progress-neuromorphic/	0	29-07-2020
https://www.cbronline.com/news/2africa-project	0	29-07-2020
https://www.cbronline.com/news/3d-printed-bombs	0	29-07-2020
https://www.cbronline.com/news/5g-conspiracies-mast-vandalisation	0	29-07-2020
https://www.cbronline.com/news/6-ghz-band-fcc	0	29-07-2020
https://www.cbronline.com/news/ai-news-anchor-china	0	29-07-2020
https://www.cbronline.com/news/airbus-cto-emerging-technologies	0	29-07-2020
https://www.cbronline.com/news/argo-ai-ford-vw	0	29-07-2020
https://www.cbronline.com/news/aws-ai-services	0	29-07-2020
https://www.cbronline.com/news/aws-facial-recognition-tool	0	29-07-2020
https://www.cbronline.com/news/aws-ground-station	0	29-07-2020
https://www.cbronline.com/news/aws-seoul	0	29-07-2020
https://www.cbronline.com/news/aws-slack-deal	0	29-07-2020
https://www.cbronline.com/news/aws-user-data	1	29-07-2020
https://www.cbronline.com/news/bank-of-america-chatbot	0	29-07-2020
https://www.cbronline.com/news/cambridge-adjutorium	0	29-07-2020
https://www.cbronline.com/news/canonical-charmed-osm	0	29-07-2020
https://www.cbronline.com/news/china-to-roll-out-temperature-taking-infrared-cameras	0	29-07-2020
https://www.cbronline.com/news/cloudflare-amd-goodbye-intel	0	29-07-2020
https://www.cbronline.com/news/dartford-crossing-contract	0	29-07-2020
https://www.cbronline.com/news/dasa-wet-gap	0	29-07-2020
https://www.cbronline.com/news/data-centre-spending	0	29-07-2020
https://www.cbronline.com/news/dba-appreciation-day	0	29-07-2020
https://www.cbronline.com/news/deutsche-bank-google-cloud	0	29-07-2020
https://www.cbronline.com/news/drone-fire-hackathon	0	29-07-2020
https://www.cbronline.com/news/e-waste-un-report	0	29-07-2020
https://www.cbronline.com/news/eu-data-protection-microsoft	0	29-07-2020
https://www.cbronline.com/news/facebook-deepfake-ban-challenge	0	29-07-2020
https://www.cbronline.com/news/fdic-quarterly-reports	0	29-07-2020
https://www.cbronline.com/news/female-ceos	0	29-07-2020
https://www.cbronline.com/news/ford-volkswagen	0	29-07-2020
https://www.cbronline.com/news/frankfurt-data-centre	0	29-07-2020
https://www.cbronline.com/news/fujitsu-offices-decision	0	29-07-2020
https://www.cbronline.com/news/full-autonomous-ship	0	29-07-2020
https://www.cbronline.com/news/geospatial-data-hub-ordnance-survey	0	29-07-2020
https://www.cbronline.com/news/gtp-protocol	2	29-07-2020
https://www.cbronline.com/news/hacking-traffic-lights	2	29-07-2020
https://www.cbronline.com/news/holobuilder-boston-dynamics	0	29-07-2020
https://www.cbronline.com/news/ibm-cloud-issues-redux	0	29-07-2020
https://www.cbronline.com/news/intel-buys-moovit	0	29-07-2020
https://www.cbronline.com/news/legally-demand-fast-broadband	0	29-07-2020
https://www.cbronline.com/news/levi-strauss-second-quarter	0	29-07-2020
https://www.cbronline.com/news/linux-5-8	0	29-07-2020
https://www.cbronline.com/news/linux-dent-os	0	29-07-2020
https://www.cbronline.com/news/mata-framework-north-korea	2	29-07-2020
https://www.cbronline.com/news/micron-storage-engine-hse	0	29-07-2020
https://www.cbronline.com/news/microsoft-shuts-down-stores	0	29-07-2020
https://www.cbronline.com/news/mlflow-databricks	0	29-07-2020
https://www.cbronline.com/news/mlflow-linux-foundation	0	29-07-2020
https://www.cbronline.com/news/mobile-phone-extraction	0	29-07-2020
https://www.cbronline.com/news/monzo-down	0	29-07-2020
https://www.cbronline.com/news/netezzas-not-dead	0	29-07-2020
https://www.cbronline.com/news/network-rail-digital-signal-system	0	29-07-2020
https://www.cbronline.com/news/network-rail-it	0	29-07-2020
https://www.cbronline.com/news/new-arm-gpu	0	29-07-2020
https://www.cbronline.com/news/new-digital-strategy	0	29-07-2020
https://www.cbronline.com/news/new-mongodb-cto	0	29-07-2020
https://www.cbronline.com/news/nhs-ar-headsets	0	29-07-2020
https://www.cbronline.com/news/nvidia-drive	0	29-07-2020
https://www.cbronline.com/news/nvidia-earnings-gpu	0	29-07-2020
https://www.cbronline.com/news/o2-5g-autonomous-vehicles	0	29-07-2020
https://www.cbronline.com/news/openai-api	0	29-07-2020
https://www.cbronline.com/news/organs-on-a-chip	0	29-07-2020
https://www.cbronline.com/news/police-ban-from-rekognition	0	29-07-2020
https://www.cbronline.com/news/quantum-investment	0	29-07-2020
https://www.cbronline.com/news/rancher-labs-suse	0	29-07-2020
https://www.cbronline.com/news/ransomware-cloudfront	2	29-07-2020
https://www.cbronline.com/news/sandisk-ssd-bug-dell-hpe-western-digital	0	29-07-2020
https://www.cbronline.com/news/sap-bug-recon	2	29-07-2020
https://www.cbronline.com/news/sap-qualtrics-deal	0	29-07-2020
https://www.cbronline.com/news/serverless-computing-2	0	29-07-2020
https://www.cbronline.com/news/simulated-clinician-hours	0	29-07-2020
https://www.cbronline.com/news/sobriety-tag-scram-cam	0	29-07-2020
https://www.cbronline.com/news/south-korea-arm-startups	0	29-07-2020
https://www.cbronline.com/news/tesla-chip-nvidia	0	29-07-2020
https://www.cbronline.com/news/tiktok-vulnerabilities	2	29-07-2020
https://www.cbronline.com/news/wi-fi-pedestrian-monitoring	0	29-07-2020
https://www.cbronline.com/news/women-in-tech-workplace-sexism	0	29-07-2020
https://www.cbronline.com/news/wormable-windows-server-vulnerability	2	29-07-2020
https://www.cbronline.com/opinion/ai-is-failing-women	0	29-07-2020
https://www.cbronline.com/opinion/automotive-software-governance	0	29-07-2020
https://www.cbronline.com/opinion/avoiding-dr-and-high-availability-pitfalls	0	29-07-2020
https://www.cbronline.com/opinion/challenges-it-teams-face-on-data-integration	0	29-07-2020
https://www.cbronline.com/opinion/connecting-the-chasm	0	29-07-2020
https://www.cbronline.com/opinion/container-management-considerations	0	29-07-2020
https://www.cbronline.com/opinion/corporate-app-stores-employee-experience	0	29-07-2020
https://www.cbronline.com/opinion/dataops-data-democracy	0	29-07-2020
https://www.cbronline.com/opinion/digitally-transform-procurement	0	29-07-2020
https://www.cbronline.com/opinion/empty-shelf-syndrome	0	29-07-2020
https://www.cbronline.com/opinion/europes-digital-strategy	0	29-07-2020
https://www.cbronline.com/opinion/libor-contracts-legal-data-management	0	29-07-2020
https://www.cbronline.com/opinion/modernise-your-data-centre-hitachi-vantara	0	29-07-2020
https://www.cbronline.com/opinion/sage-beyond-finance-the-new-rules-of-business	0	29-07-2020
https://www.cbronline.com/opinion/saps-2025-deadline	0	29-07-2020
https://www.cbronline.com/opinion/security-management-and-risk-management	0	29-07-2020
https://www.cbronline.com/opinion/thermal-imaging-driving	0	29-07-2020
https://www.cbronline.com/opinion/train-network-is-going-digital	0	29-07-2020
https://www.cbronline.com/opinion/wirex-ceo-emerging-markets-lockdown	0	29-07-2020
https://edition.cnn.com/2019/10/10/africa/abiy-ahmed-ethiopia-nobel-peace-prize-2019/index.html	0	26-05-2020
https://edition.cnn.com/2020/03/17/africa/coronavirus-music-africa-intl/index.html	0	26-05-2020
https://edition.cnn.com/2020/02/26/africa/nigeria-makoko-mapping-intl/index.html	0	26-05-2020
https://edition.cnn.com/2020/05/07/africa/nigeria-zoom-death-sentence-intl/index.html	0	26-05-2020
https://edition.cnn.com/2020/05/21/africa/south-africa-baby-death-coronavirus-intl/index.html	0	26-05-2020
https://edition.cnn.com/style/article/artsy-smiley-face-origin/index.html	0	26-05-2020
https://edition.cnn.com/style/article/benin-cockerel-nigeria-return/index.html	0	26-05-2020
https://edition.cnn.com/style/article/franziska-stunkel-coexist/index.html	0	26-05-2020
https://edition.cnn.com/style/article/india-bollywood-brownface-hnk-intl/index.html	0	26-05-2020
https://edition.cnn.com/style/article/jackie-kennedy-inauguration-pillbox-hat-remember-when/index.html	0	26-05-2020
https://edition.cnn.com/style/article/jennifer-lopez-pink-tracksuit-juicy-remember-when/index.html	0	26-05-2020
https://edition.cnn.com/style/article/kelly-wearstler-sanctuaries/index.html	0	26-05-2020
https://edition.cnn.com/style/article/luo-yang-girls-chinese-women/index.html	0	26-05-2020
https://www.cnn.com/travel/article/luxury-bars-budapest/index.html	0	26-05-2020
https://edition.cnn.com/style/article/martin-parr-bristol-interview/index.html	0	26-05-2020
https://edition.cnn.com/style/article/museums-reopened-coronavirus/index.html	0	26-05-2020
https://edition.cnn.com/style/article/naomi-campbell-essence-cover-trnd/index.html	0	26-05-2020
https://www.cnn.com/style/article/ostrich-eggs-british-museum-scli-intl-scn/index.html	0	26-05-2020
https://www.cnn.com/travel/article/swimming-pool-rent/index.html	0	26-05-2020
https://www.cnn.com/style/article/theaters-uk-pandemic-diversity/index.html	0	26-05-2020
https://edition.cnn.com/travel/article/yanar-dag-azerbaijan-land-of-fire/index.html	0	26-05-2020
https://edition.cnn.com/2020/05/07/business/australia-tidal-energy-gec-spc/index.html	0	26-05-2020
https://edition.cnn.com/2020/05/14/business/virgin-australia-administration-queensland-intl-hnk/index.html	0	26-05-2020
https://edition.cnn.com/2020/04/24/entertainment/entertainers-weve-lost-to-coronavirus/index.html	0	26-05-2020
https://edition.cnn.com/2020/04/16/entertainment/recipes-stay-at-home-carla-hall/index.html	0	26-05-2020
https://edition.cnn.com/2020/05/11/football/andrea-rinaldi-atalanta-teenages-dies-spt-intl/index.html	0	26-05-2020
https://edition.cnn.com/2020/05/09/football/football-coronavirus-var-scrapped-five-substitutes/index.html	0	26-05-2020
https://www.cnn.com/2020/05/22/health/cdc-coronavirus-estimates-symptoms-deaths/index.html	0	26-05-2020
https://www.cnn.com/2019/11/13/health/china-plague-intl-hnk-scn-scli/index.html	0	26-05-2020
https://www.cnn.com/2019/12/04/health/ecoloo-waterless-toilet/index.html	0	26-05-2020
https://www.cnn.com/2018/05/02/health/ice-cream-addictive-food-drayer/index.html	0	26-05-2020
https://www.cnn.com/2017/12/25/health/meatless-food-resolution-drayer/index.html	0	26-05-2020
https://www.cnn.com/2019/09/26/health/nuedexta-avanir-doj-settlement-invs/index.html	0	26-05-2020
https://www.cnn.com/2017/12/04/health/nuedexta-doctors-payments-invs/index.html	0	26-05-2020
https://www.cnn.com/2017/10/18/health/puerto-rico-one-month-without-water/index.html	0	26-05-2020
https://www.cnn.com/2016/05/19/health/savannah-georgia-high-murder-rate/index.html	0	26-05-2020
https://www.cnn.com/2015/11/11/health/sherpas-superhuman-mountaineers/index.html	0	26-05-2020
https://www.cnn.com/2017/06/09/health/sugar-detox-food-drayer/index.html	0	26-05-2020
https://www.cnn.com/2020/05/21/health/sweden-herd-immunity-coronavirus-intl/index.html	0	26-05-2020
https://www.cnn.com/2017/10/12/health/uganda-adoptions-investigation-ac360/index.html	0	26-05-2020
https://www.cnn.com/2020/05/25/investing/global-stocks/index.html	0	26-05-2020
https://www.cnn.com/2020/05/02/middleeast/lebanon-tripoli-hunger-protests-coronavirus-intl/index.html	0	26-05-2020
https://edition.cnn.com/2020/05/12/motorsport/ferrari-vettel-season-contract-leave-spt-intl/index.html	0	26-05-2020
https://edition.cnn.com/2020/02/16/motorsport/formula-e-mexico-city-e-prix-mitch-evans-spt-intl/index.html	0	26-05-2020
https://edition.cnn.com/2020/04/16/motorsport/mclaren-formula-one-coronavirus-wake-up-call-spt-intl/index.html	0	26-05-2020
https://edition.cnn.com/2019/11/29/motorsport/motoe-debut-season-champion-matteo-ferrari-supercharged-spt-intl/index.html	0	26-05-2020
https://edition.cnn.com/2020/02/20/motorsport/sam-bird-race-of-my-life-formula-e-spt-intl/index.html	0	26-05-2020
https://www.cnn.com/2020/05/24/opinions/covid-politics-hundred-thousand-deaths-sachs/index.html	0	26-05-2020
https://www.cnn.com/2020/04/09/opinions/parenting-burnout-and-covid-19-wellness-smith/index.html	0	26-05-2020
https://www.cnn.com/2015/09/29/opinions/sutter-beef-suv-cliamte-two-degrees/index.html	0	26-05-2020
https://www.cnn.com/2015/12/03/opinions/sutter-bill-gates-paris-cop21/index.html	0	26-05-2020
https://www.cnn.com/2015/04/21/opinions/sutter-climate-two-degrees/index.html	0	26-05-2020
https://www.cnn.com/2020/03/10/perspectives/economy-recession-coronavirus/index.html	0	26-05-2020
https://www.cnn.com/2020/03/16/perspectives/us-oil-saudi-arabia-russia/index.html	0	26-05-2020
https://www.cnn.com/2020/01/03/politics/biden-clip-inaccurate-white-nationalism-fact-check/index.html	0	26-05-2020
https://www.cnn.com/2018/10/02/politics/brett-kavanaugh-chris-dudley-police-report/index.html	0	26-05-2020
https://www.cnn.com/2019/11/04/politics/california-wildfire-trump-fact-check/index.html	0	26-05-2020
https://www.cnn.com/2020/05/13/politics/frodo-baggins-clarence-thomas-supreme-court/index.html	0	26-05-2020
https://www.cnn.com/2020/05/06/politics/ginsburg-going-home-from-the-hospital/index.html	0	26-05-2020
https://www.cnn.com/2020/05/04/politics/how-to-listen-supreme-court-booking-com/index.html	0	26-05-2020
https://www.cnn.com/2020/05/24/politics/robert-obrien-travel-brazil-coronavirus/index.html	0	26-05-2020
https://www.cnn.com/2019/06/26/politics/stephen-dickson-faa-nominee-whistleblower-case/index.html	0	26-05-2020
https://www.cnn.com/2020/04/24/politics/supreme-court-public-charge-pandemic/index.html	0	26-05-2020
https://www.cnn.com/2020/05/14/politics/supreme-court-texas-inmates-coronavirus-protections/index.html	0	26-05-2020
https://edition.cnn.com/2019/11/12/sport/esports-g2-league-of-legends-carlos-worlds-spt-intl/index.html	0	26-05-2020
https://edition.cnn.com/2019/02/05/sport/frankie-dettori-enable-cracksman-longines-winning-post-spt-intl/index.html	0	26-05-2020
https://edition.cnn.com/sport/golf	0	26-05-2020
https://edition.cnn.com/2019/02/28/sport/how-to-own-a-racehorse-winning-post-spt-intl/index.html	0	26-05-2020
https://edition.cnn.com/2019/06/11/sport/john-gosden-horse-racing-trainer-kings-rulers-royals-winning-post-spt-intl/index.html	0	26-05-2020
https://edition.cnn.com/2019/01/25/sport/kitzbuhel-skiing-downhill-hahnenkamm-world-cup-party-spt-intl/index.html	0	26-05-2020
https://edition.cnn.com/2019/08/30/sport/mongol-derby-bob-long-mongolia-horse-racing-spt-intl/index.html	0	26-05-2020
https://edition.cnn.com/2018/11/16/sport/us-skiing-world-cup-downhill-coach-john-mcbride-spt-intl/index.html	0	26-05-2020
https://edition.cnn.com/2019/04/19/sport/valentino-dixon-art-golf-drawing-masters-augusta-spt-intl/index.html	0	26-05-2020
https://www.cnn.com/2019/01/08/tech/ces-2019-tv-trends/index.html	0	26-05-2020
https://www.cnn.com/2018/11/08/tech/facebook-portal-review/index.html	0	26-05-2020
https://www.cnn.com/2019/05/16/tech/lilium-flying-taxi-germany/index.html	0	26-05-2020
https://www.cnn.com/2020/01/24/tech/london-live-facial-recognition/index.html	0	26-05-2020
https://www.cnn.com/2015/02/04/tech/nasa-diet-space-food/index.html	0	26-05-2020
https://www.cnn.com/2020/01/22/tech/octi-social-platform-launch/index.html	0	26-05-2020
https://www.cnn.com/2020/02/13/tech/samsung-s20-5g-connectivity/index.html	0	26-05-2020
https://www.cnn.com/2019/05/09/tech/toyota-panasonic-smart-homes/index.html	0	26-05-2020
https://www.cnn.com/2019/01/23/tech/twitter-account-covington-protest/index.html	0	26-05-2020
https://www.cnn.com/2020/05/24/uk/uk-coronavirus-dominic-cummings-boris-johnson-gbr-intl/index.html	0	26-05-2020
https://www.cnn.com/2019/10/22/us/asylum-center-ice-inv/index.html	0	26-05-2020
https://www.cnn.com/2018/09/19/us/catholic-bishops-new-abuse-policy/index.html	0	26-05-2020
https://www.cnn.com/2020/04/02/us/coronavirus-cnnheroes-messages-of-hope/index.html	0	26-05-2020
https://www.cnn.com/2020/04/06/us/coronavirus-scientists-debate-origin-theories-invs/index.html	0	26-05-2020
https://www.cnn.com/2020/03/26/us/coronavirus-tattoo-artists-donating-supplies-iyw-trnd/index.html	0	26-05-2020
https://www.cnn.com/2018/11/09/us/georgia-florida-governors-races-analysis/index.html	0	26-05-2020
https://www.cnn.com/2020/05/05/us/girl-writes-thank-you-letters-to-mail-carriers-iyw-trnd/index.html	0	26-05-2020
https://www.cnn.com/2020/03/31/us/iyw-dog-delivers-groceries-to-neighbor-trnd/index.html	0	26-05-2020
https://www.cnn.com/2020/04/18/us/iyw-senior-confort-hotline-trnd/index.html	0	26-05-2020
https://www.cnn.com/2015/04/02/us/new-womens-equal-rights-movement/index.html	0	26-05-2020
https://www.cnn.com/2015/12/29/us/odd-coincidences-synchronicity-the-other-side/index.html	0	26-05-2020
https://www.cnn.com/2016/11/01/us/standing-rock-sioux-sacred-land-dakota-pipeline/index.html	0	26-05-2020
https://www.cnn.com/2017/10/06/us/unknowable-stephen-paddock-and-the-mystery-motive/index.html	0	26-05-2020
https://www.cnn.com/2018/05/10/world/cnnheroes-neal-bermas-streets-international/index.html	0	26-05-2020
https://www.cnn.com/2020/05/25/world/cosmic-ring-fire-study-scli-intl-scn/index.html	0	26-05-2020
https://www.cnn.com/2015/04/02/world/iyw-guatemala-gender-violence/index.html	0	26-05-2020
https://www.cnn.com/2015/11/20/world/paris-attacks-terror-inside-bataclan/index.html	0	26-05-2020
https://thehackernews.com/2019/08/foxit-pdf-reader-data-breach.html	1	31-07-2020
https://thehackernews.com/2019/08/imperva-waf-breach.html	1	31-07-2020
https://thehackernews.com/2019/08/paige-thompson-capital-one.html	1	31-07-2020
https://thehackernews.com/2019/09/xkcd-forum-hacked.html	1	31-07-2020
https://thehackernews.com/2019/11/magento-marketplace-data-breach.html	1	31-07-2020
https://thehackernews.com/2019/11/oneplus-store-data-breach.html	1	31-07-2020
https://thehackernews.com/2019/12/lifelabs-data-breach.html	1	31-07-2020
http://www.govcert.ch/blog/ads-on-popular-search-engine-are-leading-to-phishing-sites/	1	26-05-2020
http://www.govcert.ch/blog/analysing-a-new-ebanking-trojan-called-fobber/	2	26-05-2020
http://www.govcert.ch/blog/analysis-of-an-unusual-hawkeye-sample/	2	26-05-2020
http://www.govcert.ch/blog/armada-collective-blackmails-swiss-hosting-providers/	2	26-05-2020
http://www.govcert.ch/blog/armada-collective-is-back-extorting-financial-institutions-in-switzerland/	2	26-05-2020
http://www.govcert.ch/blog/cantonal-ip-space-in-switzerland-hijacked-by-spammers/	1	26-05-2020
http://www.govcert.ch/blog/critical-vulnerability-in-magento-many-swiss-websites-are-still-vulnerable/	2	26-05-2020
http://www.govcert.ch/blog/detecting-and-mitigating-gameover-zeus-goz/	2	26-05-2020
http://www.govcert.ch/blog/dridex-targeting-swiss-internet-users/	2	26-05-2020
http://www.govcert.ch/blog/e-banking-trojan-retefe-still-spreading-in-switzerland/	2	26-05-2020
http://www.govcert.ch/blog/gozi-isfb-when-a-bug-really-is-a-feature/	2	26-05-2020
http://www.govcert.ch/blog/increase-in-ddos-extortion-dd4bc/	1	26-05-2020
http://www.govcert.ch/blog/joining-the-dnssec-day-in-germany/	1	26-05-2020
http://www.govcert.ch/blog/microsoft-patches-three-zero-day-vulnerabilities-what-does-that-mean-to-you/	2	26-05-2020
http://www.govcert.ch/blog/notes-about-the-notpetya-ransomware/	2	26-05-2020
http://www.govcert.ch/blog/outdate-wordpress-thousands-of-websites-in-switzerland-are-vulnerable/	2	26-05-2020
http://www.govcert.ch/blog/phishing-attackers-targeting-webmasters/	2	26-05-2020
http://www.govcert.ch/blog/sage-2.0-comes-with-ip-generation-algorithm-ipga/	2	26-05-2020
https://securelist.com/boston-aftermath-9/35741/	2	26-05-2020
https://securelist.com/encrypted-java-archive-trojan-bankers-from-brazil/58252/	1	26-05-2020
https://securelist.com/new-64-bit-linux-rootkit-doing-iframe-injections-30/34623/	2	26-05-2020
http://www.govcert.ch/blog/severe-ransomware-attacks-against-swiss-smes/	2	26-05-2020
http://www.govcert.ch/blog/taking-a-look-at-nymaim/	2	26-05-2020
http://www.govcert.ch/blog/technical-report-about-the-ruag-espionage-case/	1	26-05-2020
http://www.govcert.ch/blog/the-retefe-saga/	2	26-05-2020
http://www.govcert.ch/blog/the-rise-of-dridex-and-the-role-of-esps/	2	26-05-2020
http://www.govcert.ch/blog/update-on-armada-collective-extort-swiss-hosting-providers/	2	26-05-2020
http://www.govcert.ch/blog/wannacry-it-is-not-worth-it/	2	26-05-2020
http://www.govcert.ch/blog/when-gozi-lost-its-head/	2	26-05-2020
https://securelist.com/0xhacked-brown-university-accounts-distributing-phishing-emails/72518/	1	24-08-2020
https://securelist.com/a-cross-platform-java-bot/58227/	2	24-08-2020
https://securelist.com/a-gift-for-apples-valued-customers/58540/	1	24-08-2020
https://securelist.com/a-quick-look-at-the-twitter-phish-rotating-through-domains-4/34561/	1	24-08-2020
https://securelist.com/a-race-against-the-spammers/34082/	1	24-08-2020
https://securelist.com/a-typhoon-worth-millions/57191/	1	24-08-2020
https://securelist.com/abused-update-of-gom-player-poses-a-threat/58240/	2	24-08-2020
https://securelist.com/adobe-security-updates-december-2013/58181/	2	24-08-2020
https://securelist.com/adobes-first-patch-tuesday-of-2014/58211/	2	24-08-2020
https://securelist.com/android-trojan-found-in-targeted-attack-58/35552/	2	24-08-2020
https://securelist.com/are-you-sure-you-want-to-unsubscribe-from-our-mailings/58530/	1	24-08-2020
https://securelist.com/attacks-on-industrial-enterprises-using-rms-and-teamviewer/87104/	2	24-08-2020
https://securelist.com/attck-evaluation-results/96849/	1	24-08-2020
https://securelist.com/azorult-spreads-as-a-fake-protonvpn-installer/96261/	2	24-08-2020
https://securelist.com/bad-rabbit-ransomware/82851/	2	24-08-2020
https://securelist.com/beware-of-backdoored-linux-mint-isos/73893/	2	24-08-2020
https://securelist.com/bitcoin-value-plunges-following-5m-bitstamp-heist/68308/	1	24-08-2020
https://securelist.com/bitscout-the-free-remote-digital-forensics-tool-builder/78991/	1	24-08-2020
https://securelist.com/black-gold-or-a-black-hole-in-your-pocket/58231/	0	24-08-2020
https://securelist.com/brazilian-banking-trojans-meet-powershell/75831/	2	24-08-2020
https://securelist.com/brazilian-trojan-bankers-now-on-your-android-play-store/67661/	2	24-08-2020
https://securelist.com/carolina-dieckmann-brazilian-cybercrime-legislation-and-la-viveza-criolla/32842/	1	24-08-2020
https://securelist.com/central-tibetan-administration-website-strategically-compromised/57476/	2	24-08-2020
https://securelist.com/chrome-0-day-exploit-cve-2019-13720-used-in-operation-wizardopium/94866/	2	24-08-2020
https://securelist.com/coinvault-the-court-case/86503/	1	24-08-2020
https://securelist.com/corporate-threats-in-2013-the-expert-opinion/58177/	0	24-08-2020
https://securelist.com/cve-2013-3906-another-0-day-for-microsoft-office/57208/	2	24-08-2020
https://securelist.com/cve-2014-0497-a-0-day-vulnerability/58244/	2	24-08-2020
https://securelist.com/cve-2016-4171-adobe-flash-zero-day-used-in-targeted-attacks/75082/	2	24-08-2020
https://securelist.com/cyber-predators-lurking-20/34464/	0	24-08-2020
https://securelist.com/cybercriminals-targeting-obsolete-japanese-blogging-tool/63730/	2	24-08-2020
https://securelist.com/cybersecurity-research-during-the-coronavirus-outbreak-and-after/96275/	1	24-08-2020
https://securelist.com/darkvishnya/89169/	2	24-08-2020
https://securelist.com/dating-lisa-for-1-euro/69041/	1	24-08-2020
https://securelist.com/ddos-attack-on-the-russian-banks-what-the-traffic-data-showed/76728/	1	24-08-2020
https://securelist.com/deceive-in-order-to-detect/76367/	1	24-08-2020
https://securelist.com/disbanding-the-zoo/72623/	1	24-08-2020
https://securelist.com/dissecting-malware/77604/	1	24-08-2020
https://securelist.com/dns-manipulation-in-venezuela/89592/	1	24-08-2020
https://securelist.com/dorifel-is-much-bigger-than-expected-and-its-still-active-and-growing/33898/	2	24-08-2020
https://securelist.com/dropper-in-google-play/92496/	2	24-08-2020
https://securelist.com/microsoft-seizes-22-no-ip-domains-disrupts-cybercriminal-and-nation-state-apt-malware-operations/64143/	2	24-08-2020
https://securelist.com/when-paying-taxes-dont-pay-twice/63779/	2	24-08-2020
https://securelist.com/experts-what-atm-jackpotting-malware-is/73829/	1	24-08-2020
https://securelist.com/exposing-the-security-weaknesses-we-tend-to-overlook/57334/	1	24-08-2020
https://securelist.com/fake-cnn-emails-claim-us-have-started-bombing-syria/57448/	1	24-08-2020
https://securelist.com/features-of-secure-os-realization/77469/	1	24-08-2020
https://securelist.com/february-2013-microsoft-security-bulletins/57632/	2	24-08-2020
https://securelist.com/five-myths-about-machine-learning-in-cybersecurity/76351/	1	24-08-2020
https://securelist.com/forecasts-for-2014-expert-opinion/58186/	0	24-08-2020
https://securelist.com/fraud-abusing-google-docs-9/34466/	1	24-08-2020
https://securelist.com/from-the-horses-mouth-brands-leaking-your-information-open-the-door-to-effective-spearphishing/67390/	1	24-08-2020
https://securelist.com/gaming-the-security-the-new-generation-of-consoles/58190/	1	24-08-2020
https://securelist.com/gaps-in-corporate-network-security-ad-networks/66415/	1	24-08-2020
https://securelist.com/good-morning-android/75731/	2	24-08-2020
https://securelist.com/google-ro-and-other-ro-domains-victims-of-a-possible-dns-hijacking-attack-19/34792/	2	24-08-2020
https://securelist.com/google-ro-and-ro-domains-victims-of-possible-dns-hijacking/57668/	2	24-08-2020
https://securelist.com/great-ida-pro-plugins/97898/	1	24-08-2020
https://securelist.com/groovemonitor-another-wiper-copycat/34811/	2	24-08-2020
https://securelist.com/hackers-target-high-profile-domains/57322/	2	24-08-2020
https://securelist.com/haunted-by-apt/64876/	2	24-08-2020
https://securelist.com/hotmail-your-password-was-too-long-so-we-fixed-it-for-you-23/34212/	1	24-08-2020
https://securelist.com/how-to-hunt-for-rare-malware/77040/	1	24-08-2020
https://securelist.com/how-to-mitigate-85-of-threats-with-only-four-strategies/69887/	1	24-08-2020
https://securelist.com/how-to-succeed-in-online-investigations-and-digital-forensics/77394/	0	24-08-2020
https://securelist.com/how-to-survive-attacks-that-result-in-password-leaks/31304/	1	24-08-2020
https://securelist.com/how-we-developed-our-simple-harbour-decompiler/95517/	1	24-08-2020
https://securelist.com/industrial-cybersecurity-threat-landscape/75343/	1	24-08-2020
https://securelist.com/java-0day-mass-exploit-distribution/31874/	2	24-08-2020
https://securelist.com/kaspersky-security-analyst-summit-2016-the-live-blog/73670/	0	24-08-2020
https://securelist.com/keypass-ransomware/87412/	2	24-08-2020
https://securelist.com/koffeymaker-notebook-vs-atm/89161/	2	24-08-2020
https://securelist.com/loophole-in-safari/58188/	2	24-08-2020
https://securelist.com/lost-in-translation-or-the-peculiarities-of-cybersecurity-tests/76696/	1	24-08-2020
https://securelist.com/lurk-a-danger-where-you-least-expect-it/75384/	2	24-08-2020
https://securelist.com/machine-learning-versus-spam/77133/	0	24-08-2020
https://securelist.com/mandelas-millions/58223/	1	24-08-2020
https://securelist.com/microsoft-security-updates-april-2015/69643/	2	24-08-2020
https://securelist.com/microsoft-security-updates-august-2015/71796/	2	24-08-2020
https://securelist.com/microsoft-security-updates-january-2016/73284/	2	24-08-2020
https://securelist.com/microsoft-security-updates-july-2015/71427/	2	24-08-2020
https://securelist.com/microsoft-security-updates-june-2015/70531/	2	24-08-2020
https://securelist.com/microsoft-security-updates-march-2016/74130/	2	24-08-2020
https://securelist.com/microsoft-security-updates-may-2015/69938/	2	24-08-2020
https://securelist.com/microsoft-security-updates-october-2014/67204/	2	24-08-2020
https://securelist.com/microsoft-security-updates-october-2015-2/72713/	2	24-08-2020
https://securelist.com/microsoft-security-updates-october-2015/72448/	2	24-08-2020
https://securelist.com/microsoft-updates-april-2013-3-critical-vulnerabilities-4/35629/	2	24-08-2020
https://securelist.com/microsoft-updates-april-2014-office-and-internet-explorer-critical-vulnerabilities/59369/	2	24-08-2020
https://securelist.com/microsoft-updates-august-2013/57475/	2	24-08-2020
https://securelist.com/microsoft-updates-internet-explorer/59408/	2	24-08-2020
https://securelist.com/microsoft-updates-july-2013-2/35949/	2	24-08-2020
https://securelist.com/microsoft-updates-june-2014-almost-60-ie-and-gditruetype-rce/63756/	2	24-08-2020
https://securelist.com/microsoft-updates-may-2013/57562/	2	24-08-2020
https://securelist.com/microsoft-updates-november-2013-burning-the-0day/57202/	2	24-08-2020
https://securelist.com/microsoft-updates-october-2013/57321/	2	24-08-2020
https://securelist.com/microsoft-updates-september-2013/57336/	2	24-08-2020
https://securelist.com/microsoft-updates-september-2014-apt-loses-a-trick-reminiscing-stuxnet-eop/66474/	2	24-08-2020
https://securelist.com/military-hardware-and-men-s-health/67055/	2	24-08-2020
https://securelist.com/millionaires-want-to-share-their-money/58246/	1	24-08-2020
https://securelist.com/mobile-scammers-target-sports-fans/58256/	2	24-08-2020
https://securelist.com/modern-oss-for-embedded-systems/86109/	1	24-08-2020
https://securelist.com/mokes-and-buerak-distributed-under-the-guise-of-security-certificates/96324/	2	24-08-2020
https://securelist.com/mule-flood-in-japan/57450/	1	24-08-2020
https://securelist.com/new-apt-attack-shows-technical-advance-in-exploit-development/33726/	2	24-08-2020
https://securelist.com/new-flash-player-0-day-cve-2014-0515-used-in-watering-hole-attacks/59399/	2	24-08-2020
https://securelist.com/new-gtlds-same-attacks/64555/	2	24-08-2020
https://securelist.com/new-multi-platform-malwareadware-spreading-via-facebook-messenger/81590/	2	24-08-2020
https://securelist.com/new-skype-vulnerability-allows-hijacking-of-accounts/57678/	2	24-08-2020
https://securelist.com/new-uyghur-and-tibetan-themed-attacks-using-pdf-exploits/35465/	2	24-08-2020
https://securelist.com/new-wave-of-mirai-attacking-home-routers/76791/	2	24-08-2020
https://securelist.com/nigerian-polyglots/58221/	1	24-08-2020
https://securelist.com/november-adobe-patches/57200/	2	24-08-2020
https://securelist.com/olympic-games-made-in-china/58229/	1	24-08-2020
https://securelist.com/opsec-for-security-researchers/66911/	1	24-08-2020
https://securelist.com/patch-tuesday-march-2015-stuxnet-lnk-0day-fixed/69189/	2	24-08-2020
https://securelist.com/protecting-yourself-against-the-celebrity-icloud-hackers/66381/	1	24-08-2020
https://securelist.com/public-points-of-data-loss-7/32132/	1	24-08-2020
https://securelist.com/ransomware-two-pieces-of-good-news/93355/	2	24-08-2020
https://securelist.com/reminder-be-careful-opening-invoices-on-the-21st-march/67078/	2	24-08-2020
https://securelist.com/roaming-mantis-dabbles-in-mining-and-phishing-multilingually/85607/	2	24-08-2020
https://securelist.com/russian-speaking-fraud-on-skype/66654/	1	24-08-2020
https://securelist.com/scammers-heading-to-the-olympics/58248/	1	24-08-2020
https://securelist.com/schroedingers-petya/78870/	2	24-08-2020
https://securelist.com/security-policies-non-productive-use-of-resources/57488/	1	24-08-2020
https://securelist.com/security-policies-portable-applications/35859/	1	24-08-2020
https://securelist.com/security-policies-remote-access-programs/66943/	1	24-08-2020
https://securelist.com/simdas-hide-and-seek-grown-up-games/69580/	2	24-08-2020
https://securelist.com/skypemageddon-by-bitcoining/57591/	2	24-08-2020
https://securelist.com/smart-buildings-threats/93322/	1	24-08-2020
https://securelist.com/social-networks-a-bonanza-for-cybercriminals/73204/	1	24-08-2020
https://securelist.com/south-korean-whois-team-attacks/65106/	1	24-08-2020
https://securelist.com/stealing-currency-permits-from-the-government/57766/	2	24-08-2020
https://securelist.com/stepping-out-of-the-dark-hashcat-went-opensource/72993/	1	24-08-2020
https://securelist.com/still-stealing/83343/	2	24-08-2020
https://securelist.com/the-biggest-ddos-ever-that-almost-broke-the-internet-11/35572/	1	24-08-2020
https://securelist.com/the-brazilian-phishing-world-cup/57624/	1	24-08-2020
https://securelist.com/the-first-mobile-encryptor-trojan/63767/	2	24-08-2020
https://securelist.com/the-first-tor-trojan-for-android/58528/	1	24-08-2020
https://securelist.com/the-future-of-bitcoin-after-the-mt-gox-incident/58534/	2	24-08-2020
https://securelist.com/the-rush-for-cve-2013-3906-a-hot-commodity/57197/	2	24-08-2020
https://securelist.com/the-rush-for-windows-10-infects-pcs-with-spy-trojan/71741/	2	24-08-2020
https://securelist.com/the-world-cup-spammers-set-their-sights-on-goal/58260/	2	24-08-2020
https://securelist.com/threat-landscape-for-industrial-automation-systems-h2-2016/77842/	1	24-08-2020
https://securelist.com/threat-landscape-for-industrial-automation-systems-in-h1-2017/82660/	1	24-08-2020
https://securelist.com/top-8-reasons-you-dont-want-to-miss-sas-2017/77813/	0	24-08-2020
https://securelist.com/top-security-stories-of-2013-the-expert-opinion/58170/	0	24-08-2020
https://securelist.com/tor-hidden-services-a-safe-haven-for-cybercriminals/58542/	1	24-08-2020
https://securelist.com/using-the-internet-to-catch-traditional-non-cyber-criminals/57769/	0	24-08-2020
https://securelist.com/virtual-bitcoins-vs-hard-cash/58523/	1	24-08-2020
https://securelist.com/visit-from-an-old-friend-counter-php/57478/	2	24-08-2020
https://securelist.com/wannacry-ransomware-used-in-widespread-attacks-all-over-the-world/78351/	2	24-08-2020
https://securelist.com/wave-of-vbe-files-leading-to-financial-fraud/71753/	2	24-08-2020
https://securelist.com/we-need-more-than-jelly-bean-2/32425/	1	24-08-2020
https://securelist.com/web-based-attack-targeting-home-routers-the-brazilian-way/66358/	2	24-08-2020
https://securelist.com/what-is-a-secure-os/71858/	1	24-08-2020
https://securelist.com/who-is-attacking-me/33307/	2	24-08-2020
https://securelist.com/windows-10-preview-and-security/68445/	1	24-08-2020
https://securelist.com/youre-paying-for-your-starbucks-one-way-or-the-other/71942/	2	24-08-2020
https://securelist.com/zero-day-exploits-now-available-for-cars/71582/	1	24-08-2020
https://securelist.com/zeus-now-packed-as-an-antivirus-update/58173/	2	24-08-2020
https://securitynews.sonicwall.com/xmlpost/450-financial-android-apps-targeted-by-a-multifaceted-malware-that-uses-covid-theme/	2	31-07-2020
https://securitynews.sonicwall.com/xmlpost/ada_covid-ransomware-operator-uses-whatsapp-for-price-negotiation/	2	31-07-2020
https://securitynews.sonicwall.com/xmlpost/another-cryptominer-trojan-riding-the-coronavirus-wave/	2	31-07-2020
https://securitynews.sonicwall.com/xmlpost/apache-solr-vulnerabilities-bound-to-be-attacked/	2	31-07-2020
https://securitynews.sonicwall.com/xmlpost/badboy-ransomware-variant-of-spartacus-charges-1000-for-decryption/	2	31-07-2020
https://securitynews.sonicwall.com/xmlpost/beware-of-scams-in-connection-with-covid-19/	2	31-07-2020
https://securitynews.sonicwall.com/xmlpost/caution-beware-while-copy-paste-for-financial-transactions/	2	31-07-2020
https://securitynews.sonicwall.com/xmlpost/cobralocker-ransomware-actively-spreading-in-the-wild/	2	31-07-2020
https://securitynews.sonicwall.com/xmlpost/corona-anti-locker-ultimate-data-stealing-malware-final/	2	31-07-2020
https://securitynews.sonicwall.com/xmlpost/coronavirus-8-layer-covid-19-azorult-rk/	2	31-07-2020
https://securitynews.sonicwall.com/xmlpost/coronavirus-ransomware/	2	31-07-2020
https://securitynews.sonicwall.com/xmlpost/draytek-vigor-remote-code-execution-vulnerability-attacks-spotted-in-the-wild/	2	31-07-2020
https://securitynews.sonicwall.com/xmlpost/fake-coronavirus-site-delivers-metamorfo-banking-trojan/	2	31-07-2020
https://securitynews.sonicwall.com/xmlpost/fake-image-file-containing-javascript-leads-to-avaddon-ransomware/	2	31-07-2020
https://securitynews.sonicwall.com/xmlpost/fake-ransomware-decryptor-spreads-zorab-ransomware/	2	31-07-2020
https://securitynews.sonicwall.com/xmlpost/fraudsters-victimizing-innocent-users-through-dubious-app/	2	31-07-2020
https://securitynews.sonicwall.com/xmlpost/google-sites-are-being-abused-by-grandoreiro-banking-trojan-to-host-its-cc-server-address/	2	31-07-2020
https://securitynews.sonicwall.com/xmlpost/goz-infostealer-sending-information-over-smtp-and-using-steganography/	2	31-07-2020
https://securitynews.sonicwall.com/xmlpost/guloader/	2	31-07-2020
https://securitynews.sonicwall.com/xmlpost/hackers-actively-targeting-remote-code-execution-vulnerability-on-zyxel-devices/	2	31-07-2020
https://securitynews.sonicwall.com/xmlpost/improvements-in-malicious-excel-files-distributing-zloader/	2	31-07-2020
https://securitynews.sonicwall.com/xmlpost/latest-remcos-remote-control-surveillance-software-v2-5-0-is-being-used-by-malware-authors/	2	31-07-2020
https://securitynews.sonicwall.com/xmlpost/linear-emerge-e3-access-controller-actively-being-exploited/	2	31-07-2020
https://securitynews.sonicwall.com/xmlpost/malicious-android-apps-observed-during-thanksgiving-season-of-2019/	2	31-07-2020
https://securitynews.sonicwall.com/xmlpost/malicious-android-apps-using-covid-theme/	2	31-07-2020
https://securitynews.sonicwall.com/xmlpost/microsoft-security-bulletin-coverage-for-july-2020/	2	31-07-2020
https://securitynews.sonicwall.com/xmlpost/microsoft-security-bulletin-coverage-for-june-2020/	2	31-07-2020
https://securitynews.sonicwall.com/xmlpost/misinformaiton-related-to-coronavirus-is-being-used-to-further-propagate-android-rat/	2	31-07-2020
https://securitynews.sonicwall.com/xmlpost/mustang-panda-group-side-loading-dll/	2	31-07-2020
https://securitynews.sonicwall.com/xmlpost/project23-ransomware-actively-spreading-in-the-wild/	2	31-07-2020
https://securitynews.sonicwall.com/xmlpost/valak-initial-infection/	2	31-07-2020
https://securitynews.sonicwall.com/xmlpost/vbscript-is-being-used-to-deliver-danabot/	2	31-07-2020
https://securitynews.sonicwall.com/xmlpost/watch-out-for-this-blacklivesmatter-spam-email-delivering-malware/	2	31-07-2020
https://securitynews.sonicwall.com/xmlpost/windows-dns-server-remote-code-execution-vulnerability-cve-2020-1350/	2	31-07-2020
https://www.zdnet.com/article/10-key-performance-indicators-for-measuring-api-business-value/	0	17-08-2020
https://www.zdnet.com/article/2-in-1-laptops-dells-redesigned-xps-13-packs-intels-10th-gen-core-cpu/	0	17-08-2020
https://www.zdnet.com/article/2012-mobile-state-of-the-union-part-1-of-3-smartphones/	0	17-08-2020
https://www.zdnet.com/article/2012-mobile-state-of-the-union-part-3-of-3-notebooks/	0	17-08-2020
https://www.zdnet.com/article/2020-predictions-5-telling-trends-in-3d-printing/	0	17-08-2020
https://www.zdnet.com/article/2020-quick-tips-how-to-not-lose-your-cables-chargers-and-other-gadgets-when-working-out-and-about/	0	17-08-2020
https://www.zdnet.com/article/2gether-unmasks-the-2020-cryptocurrency-user-who-are-they/	0	17-08-2020
https://www.zdnet.com/article/5-popular-windows-10-settings-tweaks-you-need-to-quit-using/	0	17-08-2020
https://www.zdnet.com/article/a-first-look-at-two-sla-3d-printers-tldr-theyre-goopy/	0	17-08-2020
https://www.zdnet.com/article/accenture-buys-workday-practice-from-sierra-cedar/	0	17-08-2020
https://www.zdnet.com/article/acer-chromebook-13-the-pros-chromebook/	0	17-08-2020
https://www.zdnet.com/article/acma-orders-isps-to-block-nine-more-gambling-sites/	0	17-08-2020
https://www.zdnet.com/article/acma-takes-red-telecom-to-court-for-allegedly-failing-to-comply-with-tio-orders/	0	17-08-2020
https://www.zdnet.com/article/acma-to-review-bushfire-impact-on-australian-telco-networks/	0	17-08-2020
https://www.zdnet.com/article/act-emergency-services-site-restored-as-aws-fixes-sydney-region-api-errors/	0	17-08-2020
https://www.zdnet.com/article/ai-and-human-soft-skills-will-drive-leadership-priorities-in-2020s-linkedin-survey-finds/	0	17-08-2020
https://www.zdnet.com/article/ai-finds-a-role-in-life-sciences-in-small-but-significant-ways-lantern-pharmas-quest/	0	17-08-2020
https://www.zdnet.com/article/ai-in-the-court-are-robot-judges-next/	0	17-08-2020
https://www.zdnet.com/article/amazon-brings-aws-outposts-to-7-new-regions/	0	17-08-2020
https://www.zdnet.com/article/amazon-echo-buds-are-they-any-good/	0	17-08-2020
https://www.zdnet.com/article/amazon-echo-buds-go-on-sale-save-40-on-the-wireless-earbuds/	0	17-08-2020
https://www.zdnet.com/article/amazon-we-want-to-stop-microsoft-working-on-jedi-contract/	0	17-08-2020
https://www.zdnet.com/article/amazons-insufferably-smug-super-bowl-ad-is-truly-annoying/	0	17-08-2020
https://www.zdnet.com/article/amd-closes-out-q4-2019-strong/	0	17-08-2020
https://www.zdnet.com/article/american-express-holds-off-launching-pay-with-bank-transfer-service-in-australia/	0	17-08-2020
https://www.zdnet.com/article/americans-trust-amazon-and-google-more-than-oprah-or-trump/	0	17-08-2020
https://www.zdnet.com/article/an-ai-payout-should-companies-remunerate-society-for-lost-jobs/	0	17-08-2020
https://www.zdnet.com/article/an-apple-store-genius-shows-how-the-ipad-pro-cant-replace-a-pc/	0	17-08-2020
https://www.zdnet.com/article/an-autonomous-laser-guided-mosquito-eradication-machine/	0	17-08-2020
https://www.zdnet.com/article/another-consortium-joins-race-for-singapore-digital-bank-licence/	0	17-08-2020
https://www.zdnet.com/article/anz-asks-for-third-party-consumer-data-right-access/	0	17-08-2020
https://www.zdnet.com/article/apac-retailers-struggling-to-unite-data-from-online-offline-realms/	0	17-08-2020
https://www.zdnet.com/article/apple-australia-sees-increased-revenue-profit-and-income-tax/	0	17-08-2020
https://www.zdnet.com/article/apple-broadcom-face-paying-1-1-billion-to-resolve-caltech-patent-battle/	0	17-08-2020
https://www.zdnet.com/article/apple-finishes-rolling-out-new-apple-maps-features-in-us/	0	17-08-2020
https://www.zdnet.com/article/apple-heres-why-ditching-iphone-lightning-port-for-a-standard-charger-is-a-bad-idea/	0	17-08-2020
https://www.zdnet.com/article/apple-must-pay-85-million-in-damages-over-wilan-patent-dispute/	0	17-08-2020
https://www.zdnet.com/article/apple-q1-surges-as-iphone-11-iphone-11-pro-sales-deliver/	0	17-08-2020
https://www.zdnet.com/article/apple-releases-ios-13-3-1-update-for-iphone-with-lots-of-bug-fixes/	0	17-08-2020
https://www.zdnet.com/article/apple-says-goodbye-to-adobe-flash-in-safari-technology-preview/	0	17-08-2020
https://www.zdnet.com/article/apple-touts-strong-app-store-revenue-finish-to-2019-ahead-of-q1-results-strong-services-iphone-11-demand/	0	17-08-2020
https://www.zdnet.com/article/apple-upgrades-13-and-15-inch-macbook-pro-2018-laptops-with-new-intel-chips-but-wont-quell-worries/	0	17-08-2020
https://www.zdnet.com/article/apple-wearables-is-now-the-size-of-a-fortune-150-company-and-tim-cook-dodges-a-question-about-the-future/	0	17-08-2020
https://www.zdnet.com/article/apples-200m-acquisition-of-xnor-ai-a-snapshot-into-our-ai-on-the-edge-future-via-your-iphone/	0	17-08-2020
https://www.zdnet.com/article/apples-change-of-plan-iphones-and-ipads-will-use-imagination-chip-designs-after-all/	0	17-08-2020
https://www.zdnet.com/article/apples-defense-of-iphone-lightning-fails-standard-charger-law-due-by-summer-2020/	0	17-08-2020
https://www.zdnet.com/article/apples-education-event-has-elephant-in-the-room-named-google/	0	17-08-2020
https://www.zdnet.com/article/apples-latest-ios-update-is-truly-getting-on-my-nerves/	0	17-08-2020
https://www.zdnet.com/article/apples-not-helping-with-shooters-locked-iphones-says-us-doj-not-true-says-apple/	0	17-08-2020
https://www.zdnet.com/article/apra-granted-20-banking-licences-in-12-years-with-10-since-2018/	0	17-08-2020
https://www.zdnet.com/article/as-apple-plots-to-drop-iphone-ports-eu-plans-law-to-give-all-phones-same-charger/	0	17-08-2020
https://www.zdnet.com/article/at-t-says-5g-network-nationwide-by-mid-year-as-q4-earnings-solid/	0	17-08-2020
https://www.zdnet.com/article/australias-middle-class-more-likely-to-be-pirates/	0	17-08-2020
https://www.zdnet.com/article/autonomous-driving-firm-zenuity-taps-hpe-for-ai-hpc-infrastructure/	0	17-08-2020
https://www.zdnet.com/article/avnet-launches-iot-suite-platform-as-it-looks-to-expand-markets/	0	17-08-2020
https://www.zdnet.com/article/aws-brings-in-nearly-10b-in-sales-for-amazon-in-q4/	0	17-08-2020
https://www.zdnet.com/article/aws-sydney-region-suffers-errors-and-latencies/	0	17-08-2020
https://www.zdnet.com/article/bdo-survey-us-tech-firms-fear-trade-war-and-chinese-innovation/	0	17-08-2020
https://www.zdnet.com/article/blocking-robocalls-now-us-based-voip-gateway-carriers-hit-by-doj-lawsuits/	0	17-08-2020
https://www.zdnet.com/article/blue-magnesium-alloy-laptops-premium-price-plastic-feel-but-lightweight/	0	17-08-2020
https://www.zdnet.com/article/blue-prism-integrates-thoughtonomy-launches-trio-of-rpa-as-a-service-offerings/	0	17-08-2020
https://www.zdnet.com/article/bose-to-shutter-119-stores-across-australia-north-america-europe-and-japan/	0	17-08-2020
https://www.zdnet.com/article/brazilian-unicorn-ifood-announces-acqui-hire-to-boost-ai-talent-base/	0	17-08-2020
https://www.zdnet.com/article/broadcom-signs-two-new-multi-year-deals-to-supply-apple-components/	0	17-08-2020
https://www.zdnet.com/article/burger-flipping-robot-now-stands-on-its-head/	0	17-08-2020
https://www.zdnet.com/article/butter-run-first-autonomous-truck-completes-cross-country-freight-trip/	0	17-08-2020
https://www.zdnet.com/article/buying-a-windows-laptop-must-have-features-for-my-next-notebook/	0	17-08-2020
https://www.zdnet.com/article/bypass-discovered-to-allow-windows-7-extended-security-updates-on-all-systems/	0	17-08-2020
https://www.zdnet.com/article/cabinet-documents-detail-howard-governments-telstra-t2-sales-plan/	0	17-08-2020
https://www.zdnet.com/article/can-ai-put-humans-back-in-the-loop/	0	17-08-2020
https://www.zdnet.com/article/can-vr-concussion-education-save-youth-football/	0	17-08-2020
https://www.zdnet.com/article/canonical-announces-high-performance-android-services-on-the-cloud/	0	17-08-2020
https://www.zdnet.com/article/cba-invests-another-200m-to-fund-klarnas-entry-into-australia/	0	17-08-2020
https://www.zdnet.com/article/ces-2020-aukey-debuts-tiny-chargers-for-all-your-usb-c-devices/	0	17-08-2020
https://www.zdnet.com/article/ces-2020-cat-s32-offers-ruggedness-at-an-affordable-price/	0	17-08-2020
https://www.zdnet.com/article/ces-2020-is-this-robot-concierge-the-future-of-service-robots/	0	17-08-2020
https://www.zdnet.com/article/ces-2020-lg-pushes-ai-future-with-8k-tvs-and-home-appliances/	0	17-08-2020
https://www.zdnet.com/article/ces-2020-lg-targets-selling-6-million-oled-tv-panels/	0	17-08-2020
https://www.zdnet.com/article/ces-2020-nec-comes-back-to-the-u-s-with-new-laptops-all-in-one-pc/	0	17-08-2020
https://www.zdnet.com/article/ces-2020-samsung-plans-to-hit-more-price-points-with-galaxy-s10-lite-galaxy-note-10-lite/	0	17-08-2020
https://www.zdnet.com/article/china-mobile-opens-first-eu-data-centre-in-uk/	0	17-08-2020
https://www.zdnet.com/article/china-smartphone-makers-form-alliance-to-offer-p2p-file-transfer/	0	17-08-2020
https://www.zdnet.com/article/circleci-automates-continuous-delivery-to-multiple-clouds/	0	17-08-2020
https://www.zdnet.com/article/cisco-brings-new-ai-functionality-to-webex/	0	17-08-2020
https://www.zdnet.com/article/cisco-critical-bugs-nexus-data-center-switch-software-needs-patching-now/	2	17-08-2020
https://www.zdnet.com/article/cisco-patch-this-critical-firewall-bug-in-firepower-management-center/	2	17-08-2020
https://www.zdnet.com/article/citrix-caps-off-fy-2019-with-strong-demand-across-workspace-networking/	0	17-08-2020
https://www.zdnet.com/article/cloud-arms-race-buys-intel-time-massive-profits-but-indigestion-likely/	0	17-08-2020
https://www.zdnet.com/article/comcast-offsets-video-losses-with-business-wireless-and-broadband/	0	17-08-2020
https://www.zdnet.com/article/connected-cruising-remote-work-options-when-you-just-cant-away/	0	17-08-2020
https://www.zdnet.com/article/cookie-consent-most-websites-break-law-by-making-it-hard-to-reject-all-tracking/	0	17-08-2020
https://www.zdnet.com/article/cornerstone-acquires-clustree-for-its-ai-powered-skills-engine/	0	17-08-2020
https://www.zdnet.com/article/coros-pod-review-advanced-running-metrics-including-power-analysis/	0	17-08-2020
https://www.zdnet.com/article/critical-cisco-dcnm-flaws-patch-right-now-as-poc-exploits-are-released/	2	17-08-2020
https://www.zdnet.com/article/cybersecurity-firm-mcafee-names-new-ceo/	0	17-08-2020
https://www.zdnet.com/article/data-2020-outlook-part-i-the-hybrid-default-era-begins/	0	17-08-2020
https://www.zdnet.com/article/data-2020-outlook-part-ii-explainable-ai-and-multi-model-databases/	0	17-08-2020
https://www.zdnet.com/article/dear-microsoft-its-time-to-disclose-some-real-sales-figures-for-azure/	0	17-08-2020
https://www.zdnet.com/article/dell-launches-new-xps-targets-ultra-premium-market-with-latitude-9510/	0	17-08-2020
https://www.zdnet.com/article/dell-optiplex-7070-ultra-modularity-at-a-price/	0	17-08-2020
https://www.zdnet.com/article/dell-xps-13-now-ships-with-ubuntu-18-04-linux/	0	17-08-2020
https://www.zdnet.com/article/developer-salaries-where-can-you-make-the-most-money/	0	17-08-2020
https://www.zdnet.com/article/developers-love-rust-programming-language-heres-why/	0	17-08-2020
https://www.zdnet.com/article/devops-and-observability-in-the-2020s/	0	17-08-2020
https://www.zdnet.com/article/devops-is-more-rapid-and-secure-in-some-industries-than-others/	0	17-08-2020
https://www.zdnet.com/article/digital-reality-like-street-view-on-performance-enhancing-drugs/	0	17-08-2020
https://www.zdnet.com/article/do-we-really-need-a-new-iphone-every-year/	0	17-08-2020
https://www.zdnet.com/article/dominos-is-tapping-nvidia-gpus-to-ramp-up-ai-powered-pizza-delivery/	0	17-08-2020
https://www.zdnet.com/article/dont-diss-my-phone-nexus-s-to-get-ice-cream-sandwich-within-weeks/	0	17-08-2020
https://www.zdnet.com/article/dynabook-launches-mid-tier-laptops-rounds-out-its-portfolio/	0	17-08-2020
https://www.zdnet.com/article/equinix-to-buy-bare-metal-cloud-provider-packet/	0	17-08-2020
https://www.zdnet.com/article/everything-you-need-to-know-about-3d-printing-and-its-impact-on-your-business/	0	17-08-2020
https://www.zdnet.com/article/facebook-posts-solid-q4-results-but-shares-fall-in-after-hours/	0	17-08-2020
https://www.zdnet.com/article/federal-court-brings-acss-legal-structure-changes-to-a-halt/	0	17-08-2020
https://www.zdnet.com/article/firefox-72-rolls-out-no-more-notification-popups-fingerprinting-blocked-by-default/	0	17-08-2020
https://www.zdnet.com/article/fitbit-is-rolling-out-blood-oxygen-monitoring-to-supported-versa-charge-ionic-devices/	0	17-08-2020
https://www.zdnet.com/article/following-nginx-acquisition-f5-unveils-nginx-controller-3-0/	0	17-08-2020
https://www.zdnet.com/article/for-mariadb-its-time-to-put-the-pieces-together/	0	17-08-2020
https://www.zdnet.com/article/four-lessons-from-pwcs-digital-transformation-workforce-upskilling-efforts/	0	17-08-2020
https://www.zdnet.com/article/from-crypto-currency-to-chocolate-where-to-spend-your-bitcoin/	0	17-08-2020
https://www.zdnet.com/article/fuji-xerox-rebrands-as-fujifilm-business-innovation/	0	17-08-2020
https://www.zdnet.com/article/fxtec-pro1-changes-the-landscape-of-smartphone-keyboards/	0	17-08-2020
https://www.zdnet.com/article/german-government-to-pay-eur800000-in-windows-7-esu-fees-this-year/	0	17-08-2020
https://www.zdnet.com/article/google-acquires-appsheet-a-no-code-app-development-platform/	0	17-08-2020
https://www.zdnet.com/article/google-ceo-sundar-pichai-this-why-ai-must-be-regulated/	0	17-08-2020
https://www.zdnet.com/article/google-chrome-users-you-can-thank-microsoft-for-this-new-feature/	0	17-08-2020
https://www.zdnet.com/article/google-deepminds-ai-based-breast-cancer-detection-is-not-yet-an-automatic-diagnostician/	0	17-08-2020
https://www.zdnet.com/article/google-deepminds-sideways-takes-a-page-from-computer-architecture/	0	17-08-2020
https://www.zdnet.com/article/google-extends-updates-for-chromebooks-chrome-os-in-education-ups-prices/	0	17-08-2020
https://www.zdnet.com/article/google-looks-ahead-to-the-next-decade-of-ai-research/	0	17-08-2020
https://www.zdnet.com/article/googles-desktop-search-tweak-clearer-no-its-just-more-clutter-say-users/	0	17-08-2020
https://www.zdnet.com/article/googles-meena-advances-the-exquisite-banality-of-chat-bots/	0	17-08-2020
https://www.zdnet.com/article/googles-pitch-to-retailers-well-help-you-from-search-to-supply-chain/	0	17-08-2020
https://www.zdnet.com/article/h-r-block-to-acquire-canadian-fintech-startup-wave/	0	17-08-2020
https://www.zdnet.com/article/headphone-newcomers-carve-out-success-in-the-premium-segment/	0	17-08-2020
https://www.zdnet.com/article/home-device-listens-for-fire-alarms-then-shuts-all-doors/	0	17-08-2020
https://www.zdnet.com/article/honeywell-verizon-partner-on-integrating-lte-smart-meters-lay-groundwork-for-5g/	0	17-08-2020
https://www.zdnet.com/article/how-apple-google-microsoft-stack-up-in-education-technology-hardware-software-and-deployment/	0	17-08-2020
https://www.zdnet.com/article/how-edge-computing-may-revamp-revitalize-commercial-real-estate/	0	17-08-2020
https://www.zdnet.com/article/how-i-fixed-my-busted-apple-watch-for-free/	0	17-08-2020
https://www.zdnet.com/article/how-i-upgraded-my-usb-c-power-banks-and-chargers-to-make-them-easier-and-more-convenient-to-use/	0	17-08-2020
https://www.zdnet.com/article/how-many-pcs-are-still-running-windows-7-today/	0	17-08-2020
https://www.zdnet.com/article/how-to-keep-hackers-snoopers-and-thieves-out-of-your-iphone/	1	17-08-2020
https://www.zdnet.com/article/how-to-switch-from-windows-7-to-chrome-os-cloudready/	0	17-08-2020
https://www.zdnet.com/article/hp-debuts-new-education-edition-chromebooks-designed-for-classroom-durability/	0	17-08-2020
https://www.zdnet.com/article/hp-delivers-solid-q1-as-notebook-units-surge/	0	17-08-2020
https://www.zdnet.com/article/hp-dismisses-xeroxs-24-million-financing-commitment/	0	17-08-2020
https://www.zdnet.com/article/hp-intros-new-cloud-services-as-part-of-engage-portfolio/	0	17-08-2020
https://www.zdnet.com/article/hp-launches-3d-printing-as-a-service-models/	0	17-08-2020
https://www.zdnet.com/article/hp-reports-strong-q2-as-sales-up-13-percent/	0	17-08-2020
https://www.zdnet.com/article/huawei-was-the-top-5g-smartphone-vendor-in-2019/	0	17-08-2020
https://www.zdnet.com/article/i-tried-microsofts-new-browser-and-got-a-peculiar-surprise/	0	17-08-2020
https://www.zdnet.com/article/informatica-appoints-first-new-ceo-since-going-private/	0	17-08-2020
https://www.zdnet.com/article/informatica-doubles-down-on-the-cloud-data-pipeline/	0	17-08-2020
https://www.zdnet.com/article/intel-delivers-a-strong-q4-in-spite-of-challenges/	0	17-08-2020
https://www.zdnet.com/article/intel-retook-semiconductor-top-spot-from-samsung-in-2019/	0	17-08-2020
https://www.zdnet.com/article/ipados-productivity-secrets-these-also-work-on-the-iphone/	0	17-08-2020
https://www.zdnet.com/article/is-google-better-than-bing-i-asked-google-and-bing-and-got-surprising-results/	0	17-08-2020
https://www.zdnet.com/article/java-c-or-javascript-full-stack-or-front-end-here-are-the-software-developer-jobs-that-pay-the-most/	0	17-08-2020
https://www.zdnet.com/article/lightmeter-will-soon-help-you-tune-up-your-email-server/	0	17-08-2020
https://www.zdnet.com/article/linus-torvalds-avoid-oracles-zfs-kernel-code-on-linux-until-litigious-larry-signs-off/	0	17-08-2020
https://www.zdnet.com/article/linux-mint-19-3-is-here-and-better-than-ever/	0	17-08-2020
https://www.zdnet.com/article/mapping-twitter-users-and-topics-with-nodexl/	0	17-08-2020
https://www.zdnet.com/article/mariadb-platform-x4-adds-cloud-first-columnar-storage/	0	17-08-2020
https://www.zdnet.com/article/mariadb-readies-new-enterprise-server/	0	17-08-2020
https://www.zdnet.com/article/meet-the-new-microsoft-edge-your-move-google/	0	17-08-2020
https://www.zdnet.com/article/microsoft-application-inspector-is-now-open-source-so-use-it-to-test-code-security/	0	17-08-2020
https://www.zdnet.com/article/microsoft-attacks-slack-by-trying-to-be-really-really-boring/	0	17-08-2020
https://www.zdnet.com/article/microsoft-boosts-programming-language-pythons-popular-vs-code-extension/	0	17-08-2020
https://www.zdnet.com/article/microsoft-is-planning-to-phase-out-the-windows-10-store-for-business/	0	17-08-2020
https://www.zdnet.com/article/microsoft-kicks-off-staged-rollout-of-chromium-based-edge-what-to-expect/	0	17-08-2020
https://www.zdnet.com/article/microsoft-new-windows-terminal-preview-gives-you-retro-crt-screen-effects/	0	17-08-2020
https://www.zdnet.com/article/microsoft-outlines-its-next-wave-of-dynamics-365-power-platform-features/	0	17-08-2020
https://www.zdnet.com/article/microsoft-to-shutter-its-ad-monetization-platform-for-universal-windows-platform-apps/	0	17-08-2020
https://www.zdnet.com/article/microsofts-final-windows-7-update-kills-desktop-wallpaper/	0	17-08-2020
https://www.zdnet.com/article/mozilla-lays-off-about-70-employees-including-senior-staffers/	0	17-08-2020
https://www.zdnet.com/article/mozilla-moves-to-monetize-thunderbird-transfers-project-to-new-subsidiary/	0	17-08-2020
https://www.zdnet.com/article/nbn-retreats-from-directly-signing-enterprise-customers/	0	17-08-2020
https://www.zdnet.com/article/nbn-to-possibly-purchase-existing-dark-fibre-for-enterprise-connections/	0	17-08-2020
https://www.zdnet.com/article/no-google-maps-no-problem-huawei-will-use-tomtoms-maps-and-data/	0	17-08-2020
https://www.zdnet.com/article/now-5g-has-to-prove-that-its-really-worth-the-fight/	0	17-08-2020
https://www.zdnet.com/article/office-depot-reveals-usage-habits-of-us-tech-device-users/	0	17-08-2020
https://www.zdnet.com/article/oneplus-7t-pro-long-term-test-an-upgrade-dilemma/	0	17-08-2020
https://www.zdnet.com/article/over-80-of-tech-leaders-predict-downturn-the-good-news/	0	17-08-2020
https://www.zdnet.com/article/paypal-officially-enters-china-challenges-vs-opportunities/	0	17-08-2020
https://www.zdnet.com/article/paypal-reports-solid-q4-claims-305-million-active-users/	0	17-08-2020
https://www.zdnet.com/article/price-drop-latest-kindles-have-never-been-this-cheap-on-amazon/	0	17-08-2020
https://www.zdnet.com/article/robocalling-is-out-of-control-can-an-app-help/	0	17-08-2020
https://www.zdnet.com/article/samsung-acquires-teleworld-solutions-to-bolster-5g-network-support/	0	17-08-2020
https://www.zdnet.com/article/samsung-fingerprint-protected-t7-touch-portable-ssd/	0	17-08-2020
https://www.zdnet.com/article/samsung-profits-halved-in-2019/	0	17-08-2020
https://www.zdnet.com/article/samsung-says-it-shipped-6-7-million-5g-smartphones-in-2019/	0	17-08-2020
https://www.zdnet.com/article/samsung-to-unveil-latest-galaxy-smartphones-on-feb-11/	0	17-08-2020
https://www.zdnet.com/article/seagate-firecuda-520-pcie-gen4-x4-ssd-high-speed-storage-for-gamers/	0	17-08-2020
https://www.zdnet.com/article/sec-seeks-to-force-telegram-to-reveal-how-1-7bn-in-ico-funds-were-spent/	0	17-08-2020
https://www.zdnet.com/article/senator-unveils-bill-to-stop-the-us-from-sharing-intel-with-countries-using-huawei-5g/	0	17-08-2020
https://www.zdnet.com/article/singapore-inks-digital-trade-partnership-with-global-group-firms/	0	17-08-2020
https://www.zdnet.com/article/smart-speaker-wars-as-amazon-moves-up-sonos-moves-out/	0	17-08-2020
https://www.zdnet.com/article/starhub-and-m1-to-submit-joint-bid-for-5g-licence/	0	17-08-2020
https://www.zdnet.com/article/starhub-nanyang-polytechnic-launch-5g-test-facility/	0	17-08-2020
https://www.zdnet.com/article/starhub-u-mobile-to-run-5g-roaming-tests/	0	17-08-2020
https://www.zdnet.com/article/survey-5g-wont-impact-many-iot-projects-anytime-soon/	0	17-08-2020
https://www.zdnet.com/article/survey-what-does-5g-mean-for-iot-projects/	0	17-08-2020
https://www.zdnet.com/article/telstra-hit-100000-5g-devices-using-its-network/	0	17-08-2020
https://www.zdnet.com/article/the-big-5g-decision-huawei-allowed-limited-role-in-uk-network-projects/	0	17-08-2020
https://www.zdnet.com/article/the-y2k-bug-is-back-causing-headaches-for-developers-again/	0	17-08-2020
https://www.zdnet.com/article/this-linux-smartphone-is-now-shipping-for-150/	0	17-08-2020
https://www.zdnet.com/article/tough-economy-makes-brazilians-buy-smartphones-in-the-grey-market/	0	17-08-2020
https://www.zdnet.com/article/tpg-complains-of-wireless-attack-by-5g-on-fixed-line-broadband/	0	17-08-2020
https://www.zdnet.com/article/up-to-half-of-developers-work-remotely-heres-whos-hiring-them/	0	17-08-2020
https://www.zdnet.com/article/verizon-shows-solid-q4-net-adds-for-business-consumer-wireless/	0	17-08-2020
https://www.zdnet.com/article/visa-acquires-fintech-player-plaid-for-5-3-billion/	0	17-08-2020
https://www.zdnet.com/article/vmware-completes-pivotal-acquisition/	0	17-08-2020
https://www.zdnet.com/article/vmware-to-acquire-nyansa-for-ai-based-network-analytics/	0	17-08-2020
https://www.zdnet.com/article/want-to-analyse-your-tweets-how-to-import-twitter-json-data-exports-into-excel/	0	17-08-2020
https://www.zdnet.com/article/western-digital-q2-better-than-expected-ceo-says-flash-market-improving/	0	17-08-2020
https://www.zdnet.com/article/western-union-and-bharti-airtel-to-bring-real-time-payments-to-india-and-africa/	0	17-08-2020
https://www.zdnet.com/article/where-has-apple-hidden-the-toggle-to-stop-ios-u1-ultra-wideband-tracking/	0	17-08-2020
https://www.zdnet.com/article/who-needs-google-huawei-wants-mobile-developers-to-build-for-its-new-app-store/	0	17-08-2020
https://www.zdnet.com/article/why-can-ipads-replace-pcs-is-the-wrong-question/	0	17-08-2020
https://www.zdnet.com/article/why-is-your-iphones-battery-draining-so-fast/	0	17-08-2020
https://www.zdnet.com/article/will-the-smart-factory-benefit-from-5g-industry-experts-weigh-in/	0	17-08-2020
https://www.zdnet.com/article/wine-for-running-windows-10-apps-on-linux-gets-big-upgrade/	0	17-08-2020
https://www.zdnet.com/article/xerox-gets-24-billion-in-financing-commitments-for-hp-buyout-offer/	0	17-08-2020
https://thehackernews.com/2019/06/apple-launches-privacy-focused-sign-in.html	1	31-07-2020
https://thehackernews.com/2019/06/telegram-ddos-attack.html	1	31-07-2020
https://thehackernews.com/2019/07/christmas-ddos-attacks.html	1	31-07-2020
https://thehackernews.com/2019/07/facebook-data-privacy-ftc.html	0	31-07-2020
https://thehackernews.com/2019/07/kali-linux-raspberry-pi-4.html	0	31-07-2020
https://thehackernews.com/2019/07/marriott-data-breach-gdpr.html	1	31-07-2020
https://thehackernews.com/2019/07/silk-road-dark-web-admin.html	0	31-07-2020
https://thehackernews.com/2019/08/android-local-user-verification.html	0	31-07-2020
https://thehackernews.com/2019/08/apple-bug-bounty.html	0	31-07-2020
https://thehackernews.com/2019/09/android-full-chain-zero-day-exploit.html	1	31-07-2020
https://thehackernews.com/2019/09/learn-hacking-course-certification.html	0	31-07-2020
https://thehackernews.com/2019/10/election-software-hacking.html	1	31-07-2020
https://thehackernews.com/2019/10/the-pirate-bay-down.html	1	31-07-2020
https://thehackernews.com/2019/10/twitter-advertising-privacy.html	0	31-07-2020
https://thehackernews.com/2019/11/kali-linux-undercover-mode.html	0	31-07-2020
https://thehackernews.com/2019/12/apple-bug-bounty-program.html	0	31-07-2020
https://thehackernews.com/2019/12/counterfeit-piracy-websites.html	0	31-07-2020
https://thehackernews.com/2019/12/google-open-source-projects.html	0	31-07-2020
https://thehackernews.com/2019/12/nginx-copyright-rumbler.html	0	31-07-2020
https://thehackernews.com/2020/01/broadening-scope-comprehensive-view-of11.html	1	31-07-2020
https://thehackernews.com/2020/02/cloud-computing-and-networking-courses.html	0	31-07-2020
https://thehackernews.com/2020/02/cybersecurity-certification-exams.html	0	31-07-2020
https://thehackernews.com/2020/02/cybersecurity-pros-checklist.html	0	31-07-2020
https://thehackernews.com/2020/02/windows-defender-atp-linux-android.html	1	31-07-2020
https://thehackernews.com/2020/03/cybersecurity-budget-template.html	0	31-07-2020
https://thehackernews.com/2020/04/mssp-coronavirus-quarantine.html	0	31-07-2020
https://www.us-cert.gov/ncas/alerts/aa20-073a	1	26-05-2020
https://securelist.com/22nd-usenix-security-symposium/57468/	1	24-08-2020
https://securelist.com/2nd-latin-american-security-analyst-summit-and-threats-around-us/34113/	1	24-08-2020
https://securelist.com/3-reasons-to-visit-syn-city-aka-las-vegas/65644/	1	24-08-2020
https://securelist.com/3rd-latin-american-security-analysts-summit-in-cancun/57458/	1	24-08-2020
https://securelist.com/4th-latin-american-security-analysts-summit-in-cartagena/66267/	1	24-08-2020
https://securelist.com/5-takeaways-from-las-vegas/33824/	1	24-08-2020
https://securelist.com/a-hot-security-conference-on-cold-iceland/57452/	0	24-08-2020
https://securelist.com/a-post-pc-blackhat/65683/	1	24-08-2020
https://securelist.com/android-4-4-arrives-with-new-security-features-but-do-they-really-matter/57305/	1	24-08-2020
https://securelist.com/avar-2014-australia/67677/	1	24-08-2020
https://securelist.com/become-a-good-reverse-engineer/96743/	1	24-08-2020
https://securelist.com/berlinsides-electrifying/74976/	0	24-08-2020
https://securelist.com/bsides-denver-2017/78375/	0	24-08-2020
https://securelist.com/campus-party-the-biggest-technology-camp-in-the-world/57482/	0	24-08-2020
https://securelist.com/caribbean-scuba-diving-with-it-security-in-mind/76742/	0	24-08-2020
https://securelist.com/cecos-vii-27/35824/	0	24-08-2020
https://securelist.com/codegate-2014/59402/	0	24-08-2020
https://securelist.com/ctf-in-defcon-21-2013/57469/	0	24-08-2020
https://securelist.com/ctias-super-mobility-week-2014/66461/	1	24-08-2020
https://securelist.com/defcon21-2013/57484/	1	24-08-2020
https://securelist.com/discussing-cybercrime-laws-in-sao-paulo/57464/	1	24-08-2020
https://securelist.com/dnssec-day-in-colombia/57460/	1	24-08-2020
https://securelist.com/ekoparty-security-conference/67407/	0	24-08-2020
https://securelist.com/hacking-in-winter-wonderland/34553/	0	24-08-2020
https://securelist.com/hello-from-infiltrate-2013-4/35739/	0	24-08-2020
https://securelist.com/hello-from-rsa2016/74088/	1	24-08-2020
https://securelist.com/hunting-apts-with-yara/96386/	1	24-08-2020
https://securelist.com/internet-law-summer-school-2014/66226/	0	24-08-2020
https://securelist.com/is-sexydefense-the-future-of-anti-espionage/32753/	1	24-08-2020
https://securelist.com/long-live-recon-my-10th-recon-anniversary/71157/	1	24-08-2020
https://securelist.com/looking-back-at-blackhat/33822/	1	24-08-2020
https://securelist.com/notes-from-hitcon-pacific-2016/76942/	1	24-08-2020
https://securelist.com/nsaccess-control-lists/57473/	1	24-08-2020
https://securelist.com/sas-sweet-sas/96736/	0	24-08-2020
https://securelist.com/taking-a-break-from-research-to-accelerate-startups-ssc-2015/72017/	0	24-08-2020
https://securelist.com/the-bitcoin-2014-conference-are-crypto-currencies-reaching-maturity/63820/	1	24-08-2020
https://securelist.com/the-worlds-southernmost-security-conference/89436/	0	24-08-2020
https://securelist.com/thoughts-from-the-idc-security-roadshow-in-south-africa/33957/	0	24-08-2020
https://securelist.com/trust-trust-trust/58549/	0	24-08-2020
https://securelist.com/update-from-the-chaos-33c3-in-hamburg/77014/	0	24-08-2020
https://securelist.com/virus-calendar-wallpapers-for-2013-10/35551/	0	24-08-2020
